<Ui xmlns="http://www.blizzard.com/wow/ui/" xmlns:xsi="http://www.w3.org/2001/XMLSchema-instance" xsi:schemaLocation="http://www.blizzard.com/wow/ui/..\FrameXML\UI.xsd">
  <Script file="TurtleRPConstants.lua" />
  <Script file="TurtleRP.lua" />
  <Script file="TurtleRPComms.lua" />

  <!-- Admin frame -->
  <Frame name="TurtleRP_Admin" hidden="true" parent="UIParent" toplevel="true" movable="true" enableMouse="true">
    <Size>
      <AbsDimension x="500" y="400" />
    </Size>
    <Anchors>
      <Anchor point="TOP">
        <Offset>
          <AbsDimension x="0" y="-100" />
        </Offset>
      </Anchor>
    </Anchors>
    <Backdrop bgFile="Interface\DialogFrame\UI-DialogBox-Background" edgeFile="Interface\DialogFrame\UI-DialogBox-Border" tile="true">
      <BackgroundInsets>
        <AbsInset left="11" right="12" top="12" bottom="11"/>
      </BackgroundInsets>
      <TileSize>
        <AbsValue val="32"/>
      </TileSize>
      <EdgeSize>
        <AbsValue val="32"/>
      </EdgeSize>
    </Backdrop>
    <Layers>
			<Layer level="OVERLAY">
        <!-- Plugin Name -->
        <FontString name="$parent_PluginName" inherits="GameFontHighlight" font="Fonts\FRIZQT__.ttf" text="TurtleRP">
          <Anchors>
            <Anchor point="TOPLEFT">
              <Offset>
                <AbsDimension x="15" y="-15" />
              </Offset>
            </Anchor>
          </Anchors>
          <FontHeight>
            <AbsValue val="25" />
          </FontHeight>
          <Color r="255" g="255" b="255" />
        </FontString>
        <!-- Flavour Text -->
        <FontString name="$parent_FlavourText" inherits="OVERLAY" font="Fonts\FRIZQT__.ttf" text="Greetings, adventurer! Tell the world more about yourself...">
          <Anchors>
            <Anchor point="TOPLEFT">
              <Offset>
                <AbsDimension x="175" y="-20" />
              </Offset>
            </Anchor>
          </Anchors>
          <FontHeight>
            <AbsValue val="10" />
          </FontHeight>
          <Color r="255" g="255" b="255" />
        </FontString>
      </Layer>
    </Layers>
    <Frames>
      <!-- Close button -->
      <Button name="$parent_CloseButton" inherits="UIPanelCloseButton">
        <Size>
          <AbsDimension x="25" y="25" />
        </Size>
        <Anchors>
          <Anchor point="TOPRIGHT">
            <Offset>
              <AbsDimension x="2" y="2"/>
            </Offset>
          </Anchor>
        </Anchors>
      </Button>
      <!-- General button -->
      <Button name="$parent_GeneralButton" inherits="UIPanelButtonTemplate" text="General">
        <Size>
          <AbsDimension x="70" y="30" />
        </Size>
        <Anchors>
          <Anchor point="TOPLEFT">
            <Offset>
              <AbsDimension x="15" y="-45"/>
            </Offset>
          </Anchor>
        </Anchors>
      </Button>
      <!-- At A Glance button -->
      <Button name="$parent_AtAGlanceButton" inherits="UIPanelButtonTemplate" text="At A Glance">
        <Size>
          <AbsDimension x="100" y="30" />
        </Size>
        <Anchors>
          <Anchor point="LEFT" relativeTo="$parent_GeneralButton" relativePoint="RIGHT">
            <Offset>
              <AbsDimension x="2" y="0"/>
            </Offset>
          </Anchor>
        </Anchors>
      </Button>
      <!-- Description button -->
      <Button name="$parent_DescriptionButton" inherits="UIPanelButtonTemplate" text="Description">
        <Size>
          <AbsDimension x="90" y="30" />
        </Size>
        <Anchors>
          <Anchor point="LEFT" relativeTo="$parent_AtAGlanceButton" relativePoint="RIGHT">
            <Offset>
              <AbsDimension x="2" y="0"/>
            </Offset>
          </Anchor>
        </Anchors>
      </Button>
      <!-- Settings button -->
      <Button name="$parent_SettingsButton" inherits="UIPanelButtonTemplate" text="Settings">
        <Size>
          <AbsDimension x="70" y="30" />
        </Size>
        <Anchors>
          <Anchor point="LEFT" relativeTo="$parent_DescriptionButton" relativePoint="RIGHT">
            <Offset>
              <AbsDimension x="2" y="0"/>
            </Offset>
          </Anchor>
        </Anchors>
      </Button>
      <!-- General Tab -->
      <Frame name="$parent_General">
        <Size>
          <AbsDimension x="477" y="310" />
        </Size>
        <Anchors>
          <Anchor point="TOP">
            <Offset>
              <AbsDimension x="0" y="-80" />
            </Offset>
          </Anchor>
        </Anchors>
        <Backdrop bgFile="Interface\ChatFrame\ChatFrameBackground" edgeFile="Interface\ChatFrame\ChatFrameBackground" tile="true">
          <EdgeSize>
            <AbsValue val="0.5"/>
          </EdgeSize>
          <Color r="0" g="0" b="0" a="0" />
          <BorderColor r="255" g="255" b="255" a="0.1" />
        </Backdrop>
        <Layers>
    			<Layer level="OVERLAY">
            <!-- Tab Name -->
            <FontString name="$parent_TabName" inherits="OVERLAY" font="Fonts\FRIZQT__.ttf" text="General Character Details">
              <Anchors>
                <Anchor point="TOPLEFT">
                  <Offset>
                    <AbsDimension x="10" y="-10" />
                  </Offset>
                </Anchor>
              </Anchors>
              <FontHeight>
                <AbsValue val="15" />
              </FontHeight>
              <Color r="255" g="255" b="255" />
            </FontString>
            <!-- Title Text -->
            <FontString name="$parent_TitleText" inherits="OVERLAY" font="Fonts\FRIZQT__.ttf" text="Character Title">
              <Anchors>
                <Anchor point="TOPLEFT">
                  <Offset>
                    <AbsDimension x="10" y="-30" />
                  </Offset>
                </Anchor>
              </Anchors>
              <FontHeight>
                <AbsValue val="10" />
              </FontHeight>
              <Color r="255" g="255" b="255" />
            </FontString>
            <!-- First Name Text -->
            <FontString name="$parent_FirstNameText" inherits="OVERLAY" font="Fonts\FRIZQT__.ttf" text="First Name">
              <Anchors>
                <Anchor point="LEFT" relativeTo="$parent_TitleText" relativePoint="LEFT">
                  <Offset>
                    <AbsDimension x="0" y="-50" />
                  </Offset>
                </Anchor>
              </Anchors>
              <FontHeight>
                <AbsValue val="10" />
              </FontHeight>
              <Color r="255" g="255" b="255" />
            </FontString>
            <!-- IC / OOC Text -->
            <FontString name="$parent_CurrentlyICText" inherits="OVERLAY" font="Fonts\FRIZQT__.ttf" text="Currently IC?">
              <Anchors>
                <Anchor point="LEFT" relativeTo="$parent_TitleText" relativePoint="RIGHT">
                  <Offset>
                    <AbsDimension x="100" y="0" />
                  </Offset>
                </Anchor>
              </Anchors>
              <FontHeight>
                <AbsValue val="10" />
              </FontHeight>
              <Color r="255" g="255" b="255" />
            </FontString>
            <!-- Icon Text -->
            <FontString name="$parent_IconText" inherits="OVERLAY" font="Fonts\FRIZQT__.ttf" text="Character Icon">
              <Anchors>
                <Anchor point="LEFT" relativeTo="$parent_CurrentlyICText" relativePoint="LEFT">
                  <Offset>
                    <AbsDimension x="0" y="-50" />
                  </Offset>
                </Anchor>
              </Anchors>
              <FontHeight>
                <AbsValue val="10" />
              </FontHeight>
              <Color r="255" g="255" b="255" />
            </FontString>
            <!-- Last Name Text -->
            <FontString name="$parent_LastNameText" inherits="OVERLAY" font="Fonts\FRIZQT__.ttf" text="Last Name">
              <Anchors>
                <Anchor point="LEFT" relativeTo="$parent_FirstNameText" relativePoint="LEFT">
                  <Offset>
                    <AbsDimension x="0" y="-50" />
                  </Offset>
                </Anchor>
              </Anchors>
              <FontHeight>
                <AbsValue val="10" />
              </FontHeight>
              <Color r="255" g="255" b="255" />
            </FontString>
            <!-- IC Info Text -->
            <FontString name="$parent_ICInfoText" inherits="OVERLAY" font="Fonts\FRIZQT__.ttf" text="IC Info">
              <Anchors>
                <Anchor point="LEFT" relativeTo="$parent_LastNameText" relativePoint="LEFT">
                  <Offset>
                    <AbsDimension x="0" y="-50" />
                  </Offset>
                </Anchor>
              </Anchors>
              <FontHeight>
                <AbsValue val="10" />
              </FontHeight>
              <Color r="255" g="255" b="255" />
            </FontString>
            <!-- OOC Info Text -->
            <FontString name="$parent_OOCInfoText" inherits="OVERLAY" font="Fonts\FRIZQT__.ttf" text="OOC Info">
              <Anchors>
                <Anchor point="LEFT" relativeTo="$parent_LastNameText" relativePoint="LEFT">
                  <Offset>
                    <AbsDimension x="220" y="-50" />
                  </Offset>
                </Anchor>
              </Anchors>
              <FontHeight>
                <AbsValue val="10" />
              </FontHeight>
              <Color r="255" g="255" b="255" />
            </FontString>
          </Layer>
        </Layers>
        <Frames>
          <Button name="$parent_SaveButton" inherits="UIPanelButtonGrayTemplate" text="Save">
            <Size>
              <AbsDimension x="50" y="25" />
            </Size>
            <Anchors>
              <Anchor point="TOPRIGHT" relativeTo="$parent" relativePoint="TOPRIGHT">
                <Offset>
                  <AbsDimension x="-10" y="-10"/>
                </Offset>
              </Anchor>
            </Anchors>
          </Button>
          <!-- Icon Button -->
          <Button name="$parent_IconButton">
            <Size>
              <AbsDimension x="25" y="25" />
            </Size>
            <Anchors>
              <Anchor point="TOPLEFT" relativeTo="$parent_IconText" relativePoint="TOPLEFT">
                <Offset>
                  <AbsDimension x="0" y="-15"/>
                </Offset>
              </Anchor>
            </Anchors>
            <Backdrop bgFile="Interface\Buttons\UI-EmptySlot-White" tile="false">
             <TileSize>
               <AbsValue val="25"/>
             </TileSize>
            </Backdrop>
            <HighlightTexture alphaMode="ADD" file="Interface\Buttons\ButtonHilight-Square"/>
          </Button>
          <!-- Icon Cancel Button -->
          <Button name="$parent_CancelIconButton">
            <Size>
              <AbsDimension x="20" y="20" />
            </Size>
            <Anchors>
              <Anchor point="TOPLEFT" relativeTo="$parent_IconButton" relativePoint="TOPLEFT">
                <Offset>
                  <AbsDimension x="30" y="3"/>
                </Offset>
              </Anchor>
            </Anchors>
            <Backdrop bgFile="Interface\Buttons\CancelButton-Up" tile="false">
             <TileSize>
               <AbsValue val="20"/>
             </TileSize>
            </Backdrop>
            <HighlightTexture alphaMode="ADD" file="Interface\Buttons\CancelButton-Highlight"/>
          </Button>
          <!-- IC Button -->
          <CheckButton name="$parent_ICButton" inherits="UICheckButtonTemplate">
            <Size>
              <AbsDimension x="25" y="25" />
            </Size>
            <Anchors>
              <Anchor point="TOPLEFT" relativeTo="$parent_CurrentlyICText" relativePoint="BOTTOMLEFT">
                <Offset>
                  <AbsDimension x="0" y="-2"/>
                </Offset>
              </Anchor>
            </Anchors>
          </CheckButton>
          <!-- Title Input Box -->
          <EditBox name="$parent_TitleInput" maxLetters="10" inherits="InputBoxTemplate" visible="true" enableMouse="true" autoFocus="false">
            <Size>
              <AbsDimension x="150" y="30" />
            </Size>
            <Anchors>
              <Anchor point="TOPLEFT">
                <Offset>
                  <AbsDimension x="15" y="-40" />
                </Offset>
              </Anchor>
            </Anchors>
            <FontString inherits="ChatFontNormal" />
          </EditBox>
          <!-- First Name Input Box -->
          <EditBox name="$parent_FirstNameInput" inherits="InputBoxTemplate" visible="true" enableMouse="true" autoFocus="false">
            <Size>
              <AbsDimension x="150" y="30" />
            </Size>
            <Anchors>
              <Anchor point="LEFT" relativeTo="$parent_TitleInput" relativePoint="LEFT">
                <Offset>
                  <AbsDimension x="0" y="-50" />
                </Offset>
              </Anchor>
            </Anchors>
            <FontString inherits="ChatFontNormal" />
          </EditBox>
          <!-- Last Name Input Box -->
          <EditBox name="$parent_LastNameInput" inherits="InputBoxTemplate" visible="true" enableMouse="true" autoFocus="false">
            <Size>
              <AbsDimension x="150" y="30" />
            </Size>
            <Anchors>
              <Anchor point="LEFT" relativeTo="$parent_FirstNameInput" relativePoint="LEFT">
                <Offset>
                  <AbsDimension x="0" y="-50" />
                </Offset>
              </Anchor>
            </Anchors>
            <FontString inherits="ChatFontNormal" />
          </EditBox>
          <!-- IC frame scrolling -->
          <ScrollFrame name="$parent_ICScrollBox" inherits="UIPanelScrollFrameTemplate">
            <Size>
              <AbsDimension x="180" y="110" />
            </Size>
            <Anchors>
              <Anchor point="LEFT" relativeTo="$parent_LastNameInput" relativePoint="LEFT">
                <Offset>
                  <AbsDimension x="0" y="0" />
                </Offset>
              </Anchor>
              <Anchor point="TOP" relativeTo="$parent_LastNameInput" relativePoint="LEFT">
                <Offset>
                  <AbsDimension x="0" y="-45" />
                </Offset>
              </Anchor>
              <Anchor point="BOTTOM" relativeTo="$parent_LastNameInput" relativePoint="LEFT">
                <Offset>
                  <AbsDimension x="0" y="-125" />
                </Offset>
              </Anchor>
            </Anchors>
            <Backdrop bgFile="Interface\ChatFrame\ChatFrameBackground" edgeFile="Interface\ChatFrame\ChatFrameBackground" tile="true">
              <EdgeSize>
                <AbsValue val="0.5"/>
              </EdgeSize>
              <Color r="1" g="1" b="1" a="0.1" />
              <BorderColor r="255" g="255" b="255" a="0" />
            </Backdrop>
            <ScrollChild>
              <!-- IC Info Input Box -->
              <EditBox name="$parent_ICInfoInput" visible="true" enableMouse="true" autoFocus="false">
                <Size>
                  <AbsDimension x="175" y="120" />
                </Size>
                <Anchors>
                  <Anchor point="TOPLEFT" relativeTo="TurtleRP_Admin_General_LastNameInput" relativePoint="TOPLEFT">
                    <Offset>
                      <AbsDimension x="0" y="-45" />
                    </Offset>
                  </Anchor>
                  <Anchor point="BOTTOMLEFT" relativeTo="TurtleRP_Admin_General_LastNameInput" relativePoint="TOPLEFT">
                    <Offset>
                      <AbsDimension x="0" y="-135" />
                    </Offset>
                  </Anchor>
                </Anchors>
                <FontString inherits="ChatFontNormal" />
              </EditBox>
            </ScrollChild>
          </ScrollFrame>

          <!-- OOC frame scrolling -->
          <ScrollFrame name="$parent_OOCScrollBox" inherits="UIPanelScrollFrameTemplate">
            <Size>
              <AbsDimension x="180" y="110" />
            </Size>
            <Anchors>
              <Anchor point="LEFT" relativeTo="$parent_LastNameInput" relativePoint="LEFT">
                <Offset>
                  <AbsDimension x="220" y="0" />
                </Offset>
              </Anchor>
              <Anchor point="TOP" relativeTo="$parent_LastNameInput" relativePoint="LEFT">
                <Offset>
                  <AbsDimension x="220" y="-45" />
                </Offset>
              </Anchor>
              <Anchor point="BOTTOM" relativeTo="$parent_LastNameInput" relativePoint="LEFT">
                <Offset>
                  <AbsDimension x="220" y="-125" />
                </Offset>
              </Anchor>
            </Anchors>
            <Backdrop bgFile="Interface\ChatFrame\ChatFrameBackground" edgeFile="Interface\ChatFrame\ChatFrameBackground" tile="true">
              <EdgeSize>
                <AbsValue val="0.5"/>
              </EdgeSize>
              <Color r="1" g="1" b="1" a="0.1" />
              <BorderColor r="255" g="255" b="255" a="0" />
            </Backdrop>
            <ScrollChild>
              <!-- OOC Info Input Box -->
              <EditBox name="$parent_OOCInfoInput" visible="true" enableMouse="true" autoFocus="false">
                <Size>
                  <AbsDimension x="175" y="120" />
                </Size>
                <Anchors>
                  <Anchor point="TOPLEFT" relativeTo="TurtleRP_Admin_General_LastNameInput" relativePoint="TOPLEFT">
                    <Offset>
                      <AbsDimension x="220" y="-45" />
                    </Offset>
                  </Anchor>
                  <Anchor point="BOTTOMLEFT" relativeTo="TurtleRP_Admin_General_LastNameInput" relativePoint="TOPLEFT">
                    <Offset>
                      <AbsDimension x="220" y="-135" />
                    </Offset>
                  </Anchor>
                </Anchors>
                <FontString inherits="ChatFontNormal" />
              </EditBox>
            </ScrollChild>
          </ScrollFrame>
        </Frames>
      </Frame>
      <!-- At A Glance Tab -->
      <Frame name="$parent_AtAGlance" hidden="true" >
        <Size>
          <AbsDimension x="477" y="310" />
        </Size>
        <Anchors>
          <Anchor point="TOP">
            <Offset>
              <AbsDimension x="0" y="-80" />
            </Offset>
          </Anchor>
        </Anchors>
        <Backdrop bgFile="Interface\ChatFrame\ChatFrameBackground" edgeFile="Interface\ChatFrame\ChatFrameBackground" tile="true">
          <EdgeSize>
            <AbsValue val="0.5"/>
          </EdgeSize>
          <Color r="0" g="0" b="0" a="0" />
          <BorderColor r="255" g="255" b="255" a="0.1" />
        </Backdrop>
        <Layers>
    			<Layer level="OVERLAY">
            <!-- Tab Name -->
            <FontString name="$parent_TabName" inherits="OVERLAY" font="Fonts\FRIZQT__.ttf" text="At A Glance Details">
              <Anchors>
                <Anchor point="TOPLEFT">
                  <Offset>
                    <AbsDimension x="10" y="-10" />
                  </Offset>
                </Anchor>
              </Anchors>
              <FontHeight>
                <AbsValue val="15" />
              </FontHeight>
              <Color r="255" g="255" b="255" />
            </FontString>
            <!-- AAG1 Text -->
            <FontString name="$parent_AAG1Text" inherits="OVERLAY" font="Fonts\FRIZQT__.ttf" text="Icon and Text 1">
              <Anchors>
                <Anchor point="TOPLEFT">
                  <Offset>
                    <AbsDimension x="10" y="-30" />
                  </Offset>
                </Anchor>
              </Anchors>
              <FontHeight>
                <AbsValue val="10" />
              </FontHeight>
              <Color r="255" g="255" b="255" />
            </FontString>
            <!-- AAG2 Text -->
            <FontString name="$parent_AAG2Text" inherits="OVERLAY" font="Fonts\FRIZQT__.ttf" text="Icon and Text 2">
              <Anchors>
                <Anchor point="TOPLEFT">
                  <Offset>
                    <AbsDimension x="250" y="-30" />
                  </Offset>
                </Anchor>
              </Anchors>
              <FontHeight>
                <AbsValue val="10" />
              </FontHeight>
              <Color r="255" g="255" b="255" />
            </FontString>
            <!-- AAG3 Text -->
            <FontString name="$parent_AAG3Text" inherits="OVERLAY" font="Fonts\FRIZQT__.ttf" text="Icon and Text 3">
              <Anchors>
                <Anchor point="TOPLEFT">
                  <Offset>
                    <AbsDimension x="10" y="-180" />
                  </Offset>
                </Anchor>
              </Anchors>
              <FontHeight>
                <AbsValue val="10" />
              </FontHeight>
              <Color r="255" g="255" b="255" />
            </FontString>
          </Layer>
        </Layers>
        <Frames>
          <Button name="$parent_SaveButton" inherits="UIPanelButtonGrayTemplate" text="Save">
            <Size>
              <AbsDimension x="50" y="25" />
            </Size>
            <Anchors>
              <Anchor point="TOPRIGHT" relativeTo="$parent" relativePoint="TOPRIGHT">
                <Offset>
                  <AbsDimension x="-10" y="-10"/>
                </Offset>
              </Anchor>
            </Anchors>
          </Button>
          <!-- AAG1 Icon Button -->
          <Button name="$parent_AAG1IconButton">
            <Size>
              <AbsDimension x="25" y="25" />
            </Size>
            <Anchors>
              <Anchor point="TOPLEFT" relativeTo="$parent_AAG1Text" relativePoint="TOPLEFT">
                <Offset>
                  <AbsDimension x="0" y="-20"/>
                </Offset>
              </Anchor>
            </Anchors>
            <Backdrop bgFile="Interface\Buttons\UI-EmptySlot-White" tile="false">
             <TileSize>
               <AbsValue val="25"/>
             </TileSize>
            </Backdrop>
            <HighlightTexture alphaMode="ADD" file="Interface\Buttons\ButtonHilight-Square"/>
          </Button>
          <!-- Icon Cancel Button -->
          <Button name="$parent_CancelAAG1IconButton">
            <Size>
              <AbsDimension x="20" y="20" />
            </Size>
            <Anchors>
              <Anchor point="TOPLEFT" relativeTo="$parent_AAG1IconButton" relativePoint="TOPLEFT">
                <Offset>
                  <AbsDimension x="30" y="3"/>
                </Offset>
              </Anchor>
            </Anchors>
            <Backdrop bgFile="Interface\Buttons\CancelButton-Up" tile="false">
             <TileSize>
               <AbsValue val="20"/>
             </TileSize>
            </Backdrop>
            <HighlightTexture alphaMode="ADD" file="Interface\Buttons\CancelButton-Highlight"/>
          </Button>
          <!-- AAG2 Icon Button -->
          <Button name="$parent_AAG2IconButton">
            <Size>
              <AbsDimension x="25" y="25" />
            </Size>
            <Anchors>
              <Anchor point="TOPLEFT" relativeTo="$parent_AAG2Text" relativePoint="TOPLEFT">
                <Offset>
                  <AbsDimension x="0" y="-20"/>
                </Offset>
              </Anchor>
            </Anchors>
            <Backdrop bgFile="Interface\Buttons\UI-EmptySlot-White" tile="false">
             <TileSize>
               <AbsValue val="25"/>
             </TileSize>
            </Backdrop>
            <HighlightTexture alphaMode="ADD" file="Interface\Buttons\ButtonHilight-Square"/>
          </Button>
          <!-- Icon Cancel Button -->
          <Button name="$parent_CancelAAG2IconButton">
            <Size>
              <AbsDimension x="20" y="20" />
            </Size>
            <Anchors>
              <Anchor point="TOPLEFT" relativeTo="$parent_AAG2IconButton" relativePoint="TOPLEFT">
                <Offset>
                  <AbsDimension x="30" y="3"/>
                </Offset>
              </Anchor>
            </Anchors>
            <Backdrop bgFile="Interface\Buttons\CancelButton-Up" tile="false">
             <TileSize>
               <AbsValue val="20"/>
             </TileSize>
            </Backdrop>
            <HighlightTexture alphaMode="ADD" file="Interface\Buttons\CancelButton-Highlight"/>
          </Button>
          <!-- AAG3 Icon Button -->
          <Button name="$parent_AAG3IconButton">
            <Size>
              <AbsDimension x="25" y="25" />
            </Size>
            <Anchors>
              <Anchor point="TOPLEFT" relativeTo="$parent_AAG3Text" relativePoint="TOPLEFT">
                <Offset>
                  <AbsDimension x="0" y="-20"/>
                </Offset>
              </Anchor>
            </Anchors>
            <Backdrop bgFile="Interface\Buttons\UI-EmptySlot-White" tile="false">
             <TileSize>
               <AbsValue val="25"/>
             </TileSize>
            </Backdrop>
            <HighlightTexture alphaMode="ADD" file="Interface\Buttons\ButtonHilight-Square"/>
          </Button>
          <!-- Icon Cancel Button -->
          <Button name="$parent_CancelAAG3IconButton">
            <Size>
              <AbsDimension x="20" y="20" />
            </Size>
            <Anchors>
              <Anchor point="TOPLEFT" relativeTo="$parent_AAG3IconButton" relativePoint="TOPLEFT">
                <Offset>
                  <AbsDimension x="30" y="3"/>
                </Offset>
              </Anchor>
            </Anchors>
            <Backdrop bgFile="Interface\Buttons\CancelButton-Up" tile="false">
             <TileSize>
               <AbsValue val="20"/>
             </TileSize>
            </Backdrop>
            <HighlightTexture alphaMode="ADD" file="Interface\Buttons\CancelButton-Highlight"/>
          </Button>
          <!-- AAG1 frame scrolling -->
          <ScrollFrame name="$parent_AtAGlance1ScrollBox" inherits="UIPanelScrollFrameTemplate">
            <Size>
              <AbsDimension x="180" y="110" />
            </Size>
            <Anchors>
              <Anchor point="LEFT" relativeTo="$parent_AAG1Text" relativePoint="LEFT">
                <Offset>
                  <AbsDimension x="0" y="0" />
                </Offset>
              </Anchor>
              <Anchor point="TOP" relativeTo="$parent_AAG1Text" relativePoint="LEFT">
                <Offset>
                  <AbsDimension x="0" y="-45" />
                </Offset>
              </Anchor>
              <Anchor point="BOTTOM" relativeTo="$parent_AAG1Text" relativePoint="LEFT">
                <Offset>
                  <AbsDimension x="0" y="-125" />
                </Offset>
              </Anchor>
            </Anchors>
            <Backdrop bgFile="Interface\ChatFrame\ChatFrameBackground" edgeFile="Interface\ChatFrame\ChatFrameBackground" tile="true">
              <EdgeSize>
                <AbsValue val="0.5"/>
              </EdgeSize>
              <Color r="1" g="1" b="1" a="0.1" />
              <BorderColor r="255" g="255" b="255" a="0" />
            </Backdrop>
            <ScrollChild>
              <!-- AAG1 Info Input Box -->
              <EditBox name="$parent_AAG1Input" visible="true" enableMouse="true" autoFocus="false">
                <Size>
                  <AbsDimension x="175" y="120" />
                </Size>
                <Anchors>
                  <Anchor point="TOPLEFT" relativeTo="TurtleRP_Admin_AtAGlance_AAG1Text" relativePoint="TOPLEFT">
                    <Offset>
                      <AbsDimension x="0" y="-45" />
                    </Offset>
                  </Anchor>
                  <Anchor point="BOTTOMLEFT" relativeTo="TurtleRP_Admin_General_AAG1Text" relativePoint="TOPLEFT">
                    <Offset>
                      <AbsDimension x="0" y="-135" />
                    </Offset>
                  </Anchor>
                </Anchors>
                <FontString inherits="ChatFontNormal" />
              </EditBox>
            </ScrollChild>
          </ScrollFrame>

          <!-- AAG2 frame scrolling -->
          <ScrollFrame name="$parent_AtAGlance2ScrollBox" inherits="UIPanelScrollFrameTemplate">
            <Size>
              <AbsDimension x="180" y="110" />
            </Size>
            <Anchors>
              <Anchor point="LEFT" relativeTo="$parent_AAG2Text" relativePoint="LEFT">
                <Offset>
                  <AbsDimension x="0" y="0" />
                </Offset>
              </Anchor>
              <Anchor point="TOP" relativeTo="$parent_AAG2Text" relativePoint="LEFT">
                <Offset>
                  <AbsDimension x="0" y="-45" />
                </Offset>
              </Anchor>
              <Anchor point="BOTTOM" relativeTo="$parent_AAG2Text" relativePoint="LEFT">
                <Offset>
                  <AbsDimension x="0" y="-125" />
                </Offset>
              </Anchor>
            </Anchors>
            <Backdrop bgFile="Interface\ChatFrame\ChatFrameBackground" edgeFile="Interface\ChatFrame\ChatFrameBackground" tile="true">
              <EdgeSize>
                <AbsValue val="0.5"/>
              </EdgeSize>
              <Color r="1" g="1" b="1" a="0.1" />
              <BorderColor r="255" g="255" b="255" a="0" />
            </Backdrop>
            <ScrollChild>
              <!-- AAG2 Info Input Box -->
              <EditBox name="$parent_AAG2Input" visible="true" enableMouse="true" autoFocus="false">
                <Size>
                  <AbsDimension x="175" y="120" />
                </Size>
                <Anchors>
                  <Anchor point="TOPLEFT" relativeTo="TurtleRP_Admin_AtAGlance_AAG2Text" relativePoint="TOPLEFT">
                    <Offset>
                      <AbsDimension x="0" y="-45" />
                    </Offset>
                  </Anchor>
                  <Anchor point="BOTTOMLEFT" relativeTo="TurtleRP_Admin_AtAGlance_AAG2Text" relativePoint="TOPLEFT">
                    <Offset>
                      <AbsDimension x="0" y="-135" />
                    </Offset>
                  </Anchor>
                </Anchors>
                <FontString inherits="ChatFontNormal" />
              </EditBox>
            </ScrollChild>
          </ScrollFrame>

          <!-- AAG3 frame scrolling -->
          <ScrollFrame name="$parent_AtAGlance3ScrollBox" inherits="UIPanelScrollFrameTemplate">
            <Size>
              <AbsDimension x="180" y="110" />
            </Size>
            <Anchors>
              <Anchor point="LEFT" relativeTo="$parent_AAG3Text" relativePoint="LEFT">
                <Offset>
                  <AbsDimension x="0" y="0" />
                </Offset>
              </Anchor>
              <Anchor point="TOP" relativeTo="$parent_AAG3Text" relativePoint="LEFT">
                <Offset>
                  <AbsDimension x="0" y="-45" />
                </Offset>
              </Anchor>
              <Anchor point="BOTTOM" relativeTo="$parent_AAG3Text" relativePoint="LEFT">
                <Offset>
                  <AbsDimension x="0" y="-115" />
                </Offset>
              </Anchor>
            </Anchors>
            <Backdrop bgFile="Interface\ChatFrame\ChatFrameBackground" edgeFile="Interface\ChatFrame\ChatFrameBackground" tile="true">
              <EdgeSize>
                <AbsValue val="0.5"/>
              </EdgeSize>
              <Color r="1" g="1" b="1" a="0.1" />
              <BorderColor r="255" g="255" b="255" a="0" />
            </Backdrop>
            <ScrollChild>
              <!-- AAG3 Info Input Box -->
              <EditBox name="$parent_AAG3Input" visible="true" enableMouse="true" autoFocus="false">
                <Size>
                  <AbsDimension x="175" y="120" />
                </Size>
                <Anchors>
                  <Anchor point="TOPLEFT" relativeTo="TurtleRP_Admin_AtAGlance_AAG3Text" relativePoint="TOPLEFT">
                    <Offset>
                      <AbsDimension x="0" y="-45" />
                    </Offset>
                  </Anchor>
                  <Anchor point="BOTTOMLEFT" relativeTo="TurtleRP_Admin_AtAGlance_AAG3Text" relativePoint="TOPLEFT">
                    <Offset>
                      <AbsDimension x="0" y="-135" />
                    </Offset>
                  </Anchor>
                </Anchors>
                <FontString inherits="ChatFontNormal" />
              </EditBox>
            </ScrollChild>
          </ScrollFrame>
        </Frames>
      </Frame>

      <!-- Description Tab -->
      <Frame name="$parent_Description" hidden="true">
        <Size>
          <AbsDimension x="477" y="310" />
        </Size>
        <Anchors>
          <Anchor point="TOP">
            <Offset>
              <AbsDimension x="0" y="-80" />
            </Offset>
          </Anchor>
        </Anchors>
        <Backdrop bgFile="Interface\ChatFrame\ChatFrameBackground" edgeFile="Interface\ChatFrame\ChatFrameBackground" tile="true">
          <EdgeSize>
            <AbsValue val="0.5"/>
          </EdgeSize>
          <Color r="0" g="0" b="0" a="0" />
          <BorderColor r="255" g="255" b="255" a="0.1" />
        </Backdrop>
        <Layers>
    			<Layer level="OVERLAY">
            <!-- Tab Name -->
            <FontString name="$parent_TabName" inherits="OVERLAY" font="Fonts\FRIZQT__.ttf" text="Character Description">
              <Anchors>
                <Anchor point="TOPLEFT">
                  <Offset>
                    <AbsDimension x="10" y="-10" />
                  </Offset>
                </Anchor>
              </Anchors>
              <FontHeight>
                <AbsValue val="15" />
              </FontHeight>
              <Color r="255" g="255" b="255" />
            </FontString>
            <!-- Description Text -->
            <FontString name="$parent_TitleText" inherits="OVERLAY" font="Fonts\FRIZQT__.ttf" text="Give a more detailed description here, such as background and appearance.">
              <Anchors>
                <Anchor point="TOPLEFT">
                  <Offset>
                    <AbsDimension x="10" y="-30" />
                  </Offset>
                </Anchor>
              </Anchors>
              <FontHeight>
                <AbsValue val="10" />
              </FontHeight>
              <Color r="255" g="255" b="255" />
            </FontString>
          </Layer>
        </Layers>
        <Frames>
          <!-- Description Save Button -->
          <Button name="$parent_SaveButton" inherits="UIPanelButtonGrayTemplate" text="Save">
            <Size>
              <AbsDimension x="50" y="25" />
            </Size>
            <Anchors>
              <Anchor point="TOPRIGHT" relativeTo="$parent" relativePoint="TOPRIGHT">
                <Offset>
                  <AbsDimension x="-10" y="-10"/>
                </Offset>
              </Anchor>
            </Anchors>
          </Button>
          <!-- Description frame scrolling -->
          <ScrollFrame name="$parent_DescriptionScrollBox" inherits="UIPanelScrollFrameTemplate">
            <Size>
              <AbsDimension x="400" y="100" />
            </Size>
            <Anchors>
              <Anchor point="LEFT" relativeTo="$parent_TitleText" relativePoint="LEFT">
                <Offset>
                  <AbsDimension x="0" y="-20" />
                </Offset>
              </Anchor>
              <Anchor point="TOP" relativeTo="$parent_TitleText" relativePoint="LEFT">
                <Offset>
                  <AbsDimension x="0" y="-20" />
                </Offset>
              </Anchor>
              <Anchor point="BOTTOM" relativeTo="$parent_TitleText" relativePoint="LEFT">
                <Offset>
                  <AbsDimension x="0" y="-245" />
                </Offset>
              </Anchor>
            </Anchors>
            <Backdrop bgFile="Interface\ChatFrame\ChatFrameBackground" edgeFile="Interface\ChatFrame\ChatFrameBackground" tile="true">
              <EdgeSize>
                <AbsValue val="0.5"/>
              </EdgeSize>
              <Color r="1" g="1" b="1" a="0.1" />
              <BorderColor r="255" g="255" b="255" a="0" />
            </Backdrop>
            <ScrollChild>
              <!-- Description Input Box -->
              <EditBox name="$parent_DescriptionInput" visible="true" enableMouse="true" autoFocus="false">
                <Size>
                  <AbsDimension x="390" y="300" />
                </Size>
                <Anchors>
                  <Anchor point="TOPLEFT" relativeTo="TurtleRP_Admin_Description_TitleText" relativePoint="TOPLEFT">
                    <Offset>
                      <AbsDimension x="5" y="-20" />
                    </Offset>
                  </Anchor>
                  <Anchor point="BOTTOMLEFT" relativeTo="TurtleRP_Admin_Description_TitleText" relativePoint="TOPLEFT">
                    <Offset>
                      <AbsDimension x="0" y="-255" />
                    </Offset>
                  </Anchor>
                </Anchors>
                <FontString inherits="ChatFontNormal" />
              </EditBox>
            </ScrollChild>
          </ScrollFrame>
        </Frames>
      </Frame>

      <!-- Settings Tab -->
      <Frame name="$parent_Settings" hidden="true">
        <Size>
          <AbsDimension x="477" y="310" />
        </Size>
        <Anchors>
          <Anchor point="TOP">
            <Offset>
              <AbsDimension x="0" y="-80" />
            </Offset>
          </Anchor>
        </Anchors>
        <Backdrop bgFile="Interface\ChatFrame\ChatFrameBackground" edgeFile="Interface\ChatFrame\ChatFrameBackground" tile="true">
          <EdgeSize>
            <AbsValue val="0.5"/>
          </EdgeSize>
          <Color r="0" g="0" b="0" a="0" />
          <BorderColor r="255" g="255" b="255" a="0.1" />
        </Backdrop>
        <Layers>
    			<Layer level="OVERLAY">
            <!-- Tab Name -->
            <FontString name="$parent_TabName" inherits="OVERLAY" font="Fonts\FRIZQT__.ttf" text="Addon Settings">
              <Anchors>
                <Anchor point="TOPLEFT">
                  <Offset>
                    <AbsDimension x="10" y="-10" />
                  </Offset>
                </Anchor>
              </Anchors>
              <FontHeight>
                <AbsValue val="15" />
              </FontHeight>
              <Color r="255" g="255" b="255" />
            </FontString>
            <!-- PVP Setting Text -->
            <FontString name="$parent_PVPText" inherits="OVERLAY" font="Fonts\FRIZQT__.ttf" text="On During Battlegrounds">
              <Anchors>
                <Anchor point="TOPLEFT">
                  <Offset>
                    <AbsDimension x="10" y="-30" />
                  </Offset>
                </Anchor>
              </Anchors>
              <FontHeight>
                <AbsValue val="10" />
              </FontHeight>
              <Color r="255" g="255" b="255" />
            </FontString>
            <!-- About Title -->
            <FontString name="$parent_AboutTitle" inherits="OVERLAY" font="Fonts\FRIZQT__.ttf" text="About TurtleRP">
              <Anchors>
                <Anchor point="TOPLEFT">
                  <Offset>
                    <AbsDimension x="10" y="-100" />
                  </Offset>
                </Anchor>
              </Anchors>
              <FontHeight>
                <AbsValue val="15" />
              </FontHeight>
              <Color r="255" g="255" b="255" />
            </FontString>
            <!-- About Text -->
            <FontString name="$parent_AboutText" inherits="OVERLAY" font="Fonts\FRIZQT__.ttf" justifyV="top" justifyH="left"
              text="TurtleRP was developed by Drixi, with collaboration and help in funding from Ashkir. Many more features are planned:  &#xA;&#xA;Guild functionality&#xA;Additional description formatting&#xA;Map locator&#xA;&#xA;Send us your ideas!">
              <Size>
                <AbsDimension x="450" y="100" />
              </Size>
              <Anchors>
                <Anchor point="TOPLEFT">
                  <Offset>
                    <AbsDimension x="10" y="-120" />
                  </Offset>
                </Anchor>
              </Anchors>
              <FontHeight>
                <AbsValue val="10" />
              </FontHeight>
              <Color r="255" g="255" b="255" />
            </FontString>
            <!-- Issues Title -->
            <FontString name="$parent_IssuesTitle" inherits="OVERLAY" font="Fonts\FRIZQT__.ttf" text="Issues">
              <Anchors>
                <Anchor point="TOPLEFT">
                  <Offset>
                    <AbsDimension x="10" y="-220" />
                  </Offset>
                </Anchor>
              </Anchors>
              <FontHeight>
                <AbsValue val="15" />
              </FontHeight>
              <Color r="255" g="255" b="255" />
            </FontString>
            <!-- Issues Text -->
            <FontString name="$parent_AboutText" inherits="OVERLAY" font="Fonts\FRIZQT__.ttf" justifyH="left" text="Due to chat restrictions, on the Turtle WoW server players under level 5 cannot see other profiles and others cannot see theirs. Level up already!">
              <Size>
                <AbsDimension x="450" y="50" />
              </Size>
              <Anchors>
                <Anchor point="TOPLEFT">
                  <Offset>
                    <AbsDimension x="10" y="-240" />
                  </Offset>
                </Anchor>
              </Anchors>
              <FontHeight>
                <AbsValue val="10" />
              </FontHeight>
              <Color r="255" g="255" b="255" />
            </FontString>
          </Layer>
        </Layers>
        <Frames>
          <!-- PVP Button -->
          <CheckButton name="$parent_PVPButton" inherits="UICheckButtonTemplate">
            <Size>
              <AbsDimension x="25" y="25" />
            </Size>
            <Anchors>
              <Anchor point="RIGHT" relativeTo="$parent_PVPText" relativePoint="RIGHT">
                <Offset>
                  <AbsDimension x="30" y="-1"/>
                </Offset>
              </Anchor>
            </Anchors>
          </CheckButton>
        </Frames>
      </Frame>
    </Frames>
  </Frame>

  <Frame name="TurtleRP_Target" hidden="true" parent="UIParent" toplevel="true" movable="true" enableMouse="true">
    <Size>
      <AbsDimension y="60" />
    </Size>
    <Anchors>
      <Anchor point="CENTER">
        <Offset>
          <AbsDimension x="0" y="-200" />
        </Offset>
      </Anchor>
    </Anchors>
    <Backdrop bgFile="Interface\DialogFrame\UI-DialogBox-Background" edgeFile="Interface\DialogFrame\UI-DialogBox-Border" tile="true">
      <BackgroundInsets>
        <AbsInset left="11" right="12" top="12" bottom="11"/>
      </BackgroundInsets>
      <TileSize>
        <AbsValue val="32"/>
      </TileSize>
      <EdgeSize>
        <AbsValue val="32"/>
      </EdgeSize>
    </Backdrop>

    <Layers>
			<Layer level="OVERLAY">
        <!-- Target Name Text -->
        <FontString name="$parent_TargetName" inherits="OVERLAY" font="Fonts\FRIZQT__.ttf">
          <Anchors>
            <Anchor point="CENTER">
              <Offset>
                <AbsDimension x="0" y="5" />
              </Offset>
            </Anchor>
          </Anchors>
          <FontHeight>
            <AbsValue val="12" />
          </FontHeight>
          <Color r="255" g="255" b="255" />
        </FontString>
      </Layer>
    </Layers>
    <Frames>
      <!-- General button -->
      <Button name="$parent_DescriptionButton" inherits="UIPanelButtonGrayTemplate" text="See Description">
        <Size>
          <AbsDimension x="100" y="30" />
        </Size>
        <Anchors>
          <Anchor point="CENTER">
            <Offset>
              <AbsDimension x="0" y="-20"/>
            </Offset>
          </Anchor>
        </Anchors>
      </Button>

      <Button name="$parent_AtAGlance1" enableMouse="true" hidden="true">
        <Size x="28" y="28"/>
        <Anchors>
          <Anchor point="CENTER" relativeTo="$parent" relativePoint="CENTER">
            <Offset>
              <AbsDimension x="-41" y="25" />
            </Offset>
          </Anchor>
        </Anchors>
        <Layers>
          <Layer level="BACKGROUND">
            <Texture name="$parent_Icon" file="Interface\Addons\TurtleRP\Images\TurtleRP_Icon">
              <Size x="18" y="18"/>
              <Anchors>
                <Anchor point="CENTER">
                  <Offset x="0" y="0"/>
                </Anchor>
              </Anchors>
            </Texture>
          </Layer>
          <Layer level="OVERLAY">
            <Texture file="Interface\Minimap\MiniMap-TrackingBorder">
              <Size x="50" y="50"/>
              <Anchors>
                <Anchor point="TOPLEFT"/>
              </Anchors>
            </Texture>
          </Layer>
        </Layers>
        <Frames>
          <Frame name="$parent_TextPanel" hidden="true">
            <Size x="150" y="50"/>
            <Anchors>
              <Anchor point="CENTER">
                <Offset x="0" y="30"/>
              </Anchor>
            </Anchors>
            <Backdrop bgFile="Interface\DialogFrame\UI-DialogBox-Background" edgeFile="Interface\DialogFrame\UI-DialogBox-Border" tile="true">
              <EdgeSize>
                <AbsValue val="1"/>
              </EdgeSize>
              <Color r="0" g="0" b="0" a="0.5" />
              <BorderColor r="255" g="255" b="255" a="0" />
            </Backdrop>
            <Layers>
              <Layer level="OVERLAY">
                <FontString name="$parent_Text" inherits="OVERLAY" font="Fonts\FRIZQT__.ttf">
                  <Size x="140" y="50"/>
                  <Anchors>
                    <Anchor point="TOPLEFT">
                      <Offset>
                        <AbsDimension x="5" y="0" />
                      </Offset>
                    </Anchor>
                  </Anchors>
                  <FontHeight>
                    <AbsValue val="12" />
                  </FontHeight>
                  <Color r="255" g="255" b="255" />
                </FontString>
              </Layer>
            </Layers>
          </Frame>
        </Frames>
        <HighlightTexture alphaMode="ADD" file="Interface\Minimap\UI-Minimap-ZoomButton-Highlight"/>
      </Button>

      <Button name="$parent_AtAGlance2" enableMouse="true" hidden="true">
        <Size x="28" y="28"/>
        <Anchors>
          <Anchor point="CENTER" relativeTo="$parent" relativePoint="CENTER">
            <Offset>
              <AbsDimension x="-1" y="25" />
            </Offset>
          </Anchor>
        </Anchors>
        <Layers>
          <Layer level="BACKGROUND">
            <Texture name="$parent_Icon" file="Interface\Addons\LFT\images\eye\battlenetworking0">
              <Size x="18" y="18"/>
              <Anchors>
                <Anchor point="CENTER">
                  <Offset x="0" y="0"/>
                </Anchor>
              </Anchors>
            </Texture>
          </Layer>
          <Layer level="OVERLAY">
            <Texture file="Interface\Minimap\MiniMap-TrackingBorder">
              <Size x="50" y="50"/>
              <Anchors>
                <Anchor point="TOPLEFT"/>
              </Anchors>
            </Texture>
          </Layer>
        </Layers>
        <Frames>
          <Frame name="$parent_TextPanel" hidden="true">
            <Size x="150" y="50"/>
            <Anchors>
              <Anchor point="CENTER">
                <Offset x="0" y="30"/>
              </Anchor>
            </Anchors>
            <Backdrop bgFile="Interface\DialogFrame\UI-DialogBox-Background" edgeFile="Interface\DialogFrame\UI-DialogBox-Border" tile="true">
              <EdgeSize>
                <AbsValue val="1"/>
              </EdgeSize>
              <Color r="0" g="0" b="0" a="0.5" />
              <BorderColor r="255" g="255" b="255" a="0" />
            </Backdrop>
            <Layers>
              <Layer level="OVERLAY">
                <FontString name="$parent_Text" inherits="OVERLAY" font="Fonts\FRIZQT__.ttf">
                  <Size x="140" y="50"/>
                  <Anchors>
                    <Anchor point="CENTER">
                      <Offset>
                        <AbsDimension x="0" y="5" />
                      </Offset>
                    </Anchor>
                  </Anchors>
                  <FontHeight>
                    <AbsValue val="12" />
                  </FontHeight>
                  <Color r="255" g="255" b="255" />
                </FontString>
              </Layer>
            </Layers>
          </Frame>
        </Frames>
        <HighlightTexture alphaMode="ADD" file="Interface\Minimap\UI-Minimap-ZoomButton-Highlight"/>
      </Button>

      <Button name="$parent_AtAGlance3" enableMouse="true" hidden="true">
        <Size x="28" y="28"/>
        <Anchors>
          <Anchor point="CENTER" relativeTo="$parent" relativePoint="CENTER">
            <Offset>
              <AbsDimension x="38" y="25" />
            </Offset>
          </Anchor>
        </Anchors>
        <Layers>
          <Layer level="BACKGROUND">
            <Texture name="$parent_Icon" file="Interface\Addons\LFT\images\eye\battlenetworking0">
              <Size x="18" y="18"/>
              <Anchors>
                <Anchor point="CENTER">
                  <Offset x="0" y="0"/>
                </Anchor>
              </Anchors>
            </Texture>
          </Layer>
          <Layer level="OVERLAY">
            <Texture file="Interface\Minimap\MiniMap-TrackingBorder">
              <Size x="50" y="50"/>
              <Anchors>
                <Anchor point="TOPLEFT"/>
              </Anchors>
            </Texture>
          </Layer>
        </Layers>
        <Frames>
          <Frame name="$parent_TextPanel" hidden="true">
            <Size x="150" y="50"/>
            <Anchors>
              <Anchor point="CENTER">
                <Offset x="0" y="30"/>
              </Anchor>
            </Anchors>
            <Backdrop bgFile="Interface\DialogFrame\UI-DialogBox-Background" edgeFile="Interface\DialogFrame\UI-DialogBox-Border" tile="true">
              <EdgeSize>
                <AbsValue val="1"/>
              </EdgeSize>
              <Color r="0" g="0" b="0" a="0.5" />
              <BorderColor r="255" g="255" b="255" a="0" />
            </Backdrop>
            <Layers>
              <Layer level="OVERLAY">
                <FontString name="$parent_Text" inherits="OVERLAY" font="Fonts\FRIZQT__.ttf">
                  <Size x="140" y="50"/>
                  <Anchors>
                    <Anchor point="CENTER">
                      <Offset>
                        <AbsDimension x="0" y="5" />
                      </Offset>
                    </Anchor>
                  </Anchors>
                  <FontHeight>
                    <AbsValue val="12" />
                  </FontHeight>
                  <Color r="255" g="255" b="255" />
                </FontString>
              </Layer>
            </Layers>
          </Frame>
        </Frames>
        <HighlightTexture alphaMode="ADD" file="Interface\Minimap\UI-Minimap-ZoomButton-Highlight"/>
      </Button>
    </Frames>
  </Frame>

  <Frame name="TurtleRP_Description" hidden="true" parent="UIParent" toplevel="true" movable="true" enableMouse="true">
    <Size>
      <AbsDimension x="350" y="300" />
    </Size>
    <Anchors>
      <Anchor point="TOP">
        <Offset>
          <AbsDimension x="0" y="-100" />
        </Offset>
      </Anchor>
    </Anchors>
    <Backdrop bgFile="Interface\DialogFrame\UI-DialogBox-Background" edgeFile="Interface\DialogFrame\UI-DialogBox-Border" tile="true">
      <BackgroundInsets>
        <AbsInset left="11" right="12" top="12" bottom="11"/>
      </BackgroundInsets>
      <TileSize>
        <AbsValue val="32"/>
      </TileSize>
      <EdgeSize>
        <AbsValue val="32"/>
      </EdgeSize>
    </Backdrop>
    <Layers>
			<Layer level="OVERLAY">
        <!-- Target Name Text -->
        <FontString name="$parent_TargetName" inherits="OVERLAY" font="Fonts\FRIZQT__.ttf">
          <Anchors>
            <Anchor point="TOP" relativeTo="$parent" relativePoint="TOP" >
              <Offset>
                <AbsDimension x="0" y="-15"/>
              </Offset>
            </Anchor>
          </Anchors>
          <FontHeight>
            <AbsValue val="18" />
          </FontHeight>
          <Color r="255" g="255" b="255" />
        </FontString>
      </Layer>
    </Layers>
    <Frames>
      <!-- Close button -->
      <Button name="$parent_CloseButton" inherits="UIPanelCloseButton">
        <Size>
          <AbsDimension x="25" y="25" />
        </Size>
        <Anchors>
          <Anchor point="TOPRIGHT">
            <Offset>
              <AbsDimension x="2" y="2"/>
            </Offset>
          </Anchor>
        </Anchors>
      </Button>
      <!-- Description frame scrolling -->
      <ScrollFrame name="$parent_DescriptionScrollBox" inherits="UIPanelScrollFrameTemplate">
        <Size>
          <AbsDimension x="300" y="280" />
        </Size>
        <Anchors>
          <Anchor point="LEFT" relativeTo="TurtleRP_Description" relativePoint="LEFT">
            <Offset>
              <AbsDimension x="20" y="0" />
            </Offset>
          </Anchor>
          <Anchor point="TOP" relativeTo="TurtleRP_Description" relativePoint="TOP">
            <Offset>
              <AbsDimension x="0" y="-50" />
            </Offset>
          </Anchor>
          <Anchor point="BOTTOM" relativeTo="TurtleRP_Description" relativePoint="TOP">
            <Offset>
              <AbsDimension x="0" y="-265" />
            </Offset>
          </Anchor>
        </Anchors>
        <Backdrop bgFile="Interface\ChatFrame\ChatFrameBackground" edgeFile="Interface\ChatFrame\ChatFrameBackground" tile="true">
          <EdgeSize>
            <AbsValue val="0.5"/>
          </EdgeSize>
          <Color r="1" g="1" b="1" a="0" />
          <BorderColor r="255" g="255" b="255" a="0" />
        </Backdrop>
        <ScrollChild>
          <Frame name="$parent_DescriptionHolder">
            <Size>
              <AbsDimension x="280" y="250" />
            </Size>
            <Anchors>
              <Anchor point="TOPLEFT">
                <Offset>
                  <AbsDimension x="0" y="-30" />
                </Offset>
              </Anchor>
            </Anchors>
            <Layers>
        			<Layer level="OVERLAY">
                <!-- Target Name Text -->
                <FontString name="$parent_TargetDescription" inherits="OVERLAY" font="Fonts\FRIZQT__.ttf" justifyH="LEFT" justifyV="TOP">
                  <Size>
                    <AbsDimension x="280" />
                  </Size>
                  <Anchors>
                    <Anchor point="TOPLEFT">
                      <Offset>
                        <AbsDimension x="0" y="-10" />
                      </Offset>
                    </Anchor>
                  </Anchors>
                  <FontHeight>
                    <AbsValue val="12" />
                  </FontHeight>
                  <Color r="255" g="255" b="255" />
                </FontString>
              </Layer>
            </Layers>
          </Frame>
        </ScrollChild>
      </ScrollFrame>
    </Frames>
  </Frame>

  <Frame name="TurtleRP_Tooltip_Icon" hidden="true">
    <Size>
      <AbsDimension x="100" y="100" />
    </Size>
    <Anchors>
      <Anchor point="CENTER">
        <Offset>
          <AbsDimension x="0" y="0" />
        </Offset>
      </Anchor>
    </Anchors>
    <Layers>
      <Layer level="BACKGROUND">
        <Texture name="$parent_Icon" file="Interface\Icons\Ability_Ambush">
          <Size x="25" y="25"/>
          <Anchors>
            <Anchor point="TOPLEFT">
              <Offset x="1" y="-1"/>
            </Anchor>
          </Anchors>
        </Texture>
      </Layer>
    </Layers>
  </Frame>

  <Frame name="TurtleRP_IconSelector" hidden="true">
    <Size>
      <AbsDimension x="125" y="100" />
    </Size>
    <Anchors>
      <Anchor point="CENTER" relativeTo="TurtleRP_Admin" relativePoint="CENTER">
        <Offset>
          <AbsDimension x="0" y="0" />
        </Offset>
      </Anchor>
    </Anchors>
    <Frames>
      <!-- Close button -->
      <Button name="$parent_CloseButton" inherits="UIPanelCloseButton">
        <Size>
          <AbsDimension x="25" y="25" />
        </Size>
        <Anchors>
          <Anchor point="TOPRIGHT">
            <Offset>
              <AbsDimension x="25" y="25"/>
            </Offset>
          </Anchor>
        </Anchors>
      </Button>
      <ScrollFrame name="$parent_ScrollBox" inherits="FauxScrollFrameTemplate">
        <Size>
          <AbsDimension x="125" y="100" />
        </Size>
        <Anchors>
          <Anchor point="TOP" relativeTo="$parent" relativePoint="TOP">
            <Offset>
              <AbsDimension x="0" y="0" />
            </Offset>
          </Anchor>
          <Anchor point="BOTTOM" relativeTo="$parent" relativePoint="BOTTOM">
            <Offset>
              <AbsDimension x="0" y="0" />
            </Offset>
          </Anchor>
        </Anchors>
        <Scripts>
          <OnVerticalScroll>
            FauxScrollFrame_OnVerticalScroll(25, MyModScrollBar_Update);
          </OnVerticalScroll>
          <OnShow>
            MyModScrollBar_Update()
          </OnShow>
        </Scripts>
        <Backdrop bgFile="Interface\ChatFrame\ChatFrameBackground" edgeFile="Interface\ChatFrame\ChatFrameBackground" tile="true">
          <EdgeSize>
            <AbsValue val="0.5"/>
          </EdgeSize>
          <Color r="1" g="1" b="1" a="0.1" />
          <BorderColor r="255" g="255" b="255" a="0" />
        </Backdrop>
      </ScrollFrame>
    </Frames>
  </Frame>

  <!-- <Frame name="TurtleRP_HTML" parent="UIParent">
    <Size>
      <AbsDimension x="300" y="300" />
    </Size>
    <Anchors>
      <Anchor point="CENTER">
        <Offset x="0" y="0" />
      </Anchor>
    </Anchors>
    <Backdrop bgFile="Interface\ChatFrame\ChatFrameBackground" edgeFile="Interface\ChatFrame\ChatFrameBackground" tile="true">
      <EdgeSize>
        <AbsValue val="0.5"/>
      </EdgeSize>
      <Color r="1" g="1" b="1" a="0.1" />
      <BorderColor r="255" g="255" b="255" a="0" />
    </Backdrop>
    <Frames>
      <SimpleHTML name="$parent_Renderer">
        <Size>
          <AbsDimension x="300" y="300" />
        </Size>
        <Anchors>
          <Anchor point="CENTER">
            <Offset x="0" y="0" />
          </Anchor>
        </Anchors>
        <FontStringHeader1 inherits="GameFontHighlightLarge" />
        <FontStringHeader2 inherits="NumberFontNormalLarge" />
        <FontStringHeader3 inherits="QuestTitleFont">
          <Color r="1" g="1" b="1"/>
        </FontStringHeader3>
        <FontString inherits="GameFontNormal" justifyV="TOP" justifyH="LEFT" />
      </SimpleHTML>
    </Frames>
  </Frame> -->

  <Frame name="TurtleRP_MinimapIcon" movable="true" toplevel="true" enableMouse="true">
    <Size>
      <AbsDimension x="25" y="25" />
    </Size>
    <Anchors>
      <Anchor point="CENTER" relativeTo="MinimapCluster" relativePoint="CENTER">
        <Offset>
          <AbsDimension x="-40" y="0" />
        </Offset>
      </Anchor>
    </Anchors>
    <Frames>
      <Button name="$parent_OpenAdmin" enableMouse="true">
        <Size x="25" y="25"/>
        <Anchors>
          <Anchor point="CENTER" relativeTo="$parent" relativePoint="CENTER">
            <Offset>
              <AbsDimension x="-1" y="25" />
            </Offset>
          </Anchor>
        </Anchors>
        <Layers>
          <Layer level="BACKGROUND">
            <Texture name="$parentEye" file="Interface\Addons\TurtleRP\images\wizard-hat">
              <Size x="13" y="13"/>
              <Anchors>
                <Anchor point="CENTER">
                  <Offset x="-2" y="2"/>
                </Anchor>
              </Anchors>
            </Texture>
          </Layer>
          <Layer level="OVERLAY">
            <Texture file="Interface\Minimap\MiniMap-TrackingBorder">
              <Size x="37" y="37"/>
              <Anchors>
                <Anchor point="TOPLEFT"/>
              </Anchors>
            </Texture>
          </Layer>
        </Layers>
        <HighlightTexture alphaMode="ADD" file="Interface\Minimap\UI-Minimap-ZoomButton-Highlight"/>
      </Button>
    </Frames>
  </Frame>

</Ui>
